,accession,variant_type
0,GU052306,GCTGCA
1,AB753214,GCTGCA
2,AY724256,GCTGCA
3,CY100841,GCAGCA
4,CY069378,GCAGCA
5,CY025388,GCAGCA
6,CY027418,GCAGCA
7,CY019962,GCAGCA
8,CY021804,GCGGCA
9,CY019954,GCGGCA
10,CY021708,GCGGCA
11,CY021716,GCGGCA
12,CY020292,GCGGCA
13,CY022028,GCGGCA
14,CY021908,GCGGCA
15,CY021828,GCGGCA
16,CY022100,GCGGCA
17,CY020548,GCTGCA
18,CY021940,GCTGCA
19,CY021796,GCGGCA
20,CY021076,GCGGCA
21,CY020380,GCGGCA
22,CY021812,GCGGCA
23,CY021020,GCGGCA
24,AY209936,GCGGCA
25,CY020388,GCGGCA
26,CY022020,GCGGCA
27,CY096793,GCGGCA
28,CY021820,GCGGCA
29,CY020324,GCGGCA
30,CY209029,GCGGCA
31,KY289461,GCGGCA
32,KY289372,GCGGCA
33,CY213823,GCGGCA
34,KX415701,GCAGCA
35,KX414917,GCGGCA
36,KY116083,GCGGCA
37,CY230671,GCGGCA
38,KT888282,GCGGCA
39,KT838683,GCGGCA
40,KT835906,GCGGCA
41,KT837405,GCGGCA
42,KT839237,GCGGCA
43,KT839348,GCGGCA
44,KT841143,GCGGCA
45,KT837387,GCGGCA
46,CY245139,GCGGCA
47,CY243564,GCGGCA
48,CY247027,GCGGCA
49,CY247091,GCGGCA
50,CY245131,GCGGCA
51,CY240076,GCGGCA
52,CY223162,GCGGCA
53,CY239710,GCGGCA
54,CY230735,GCGGCA
55,CY261628,GCGGCA
56,CY261644,GCGGCA
57,CY265090,GCGGCA
58,CY261636,GCGGCA
59,CY222058,GCGGCA
60,CY234751,GCGGCA
61,CY234759,GCGGCA
62,CY234767,GCGGCA
63,CY209125,GCGGCA
64,CY227059,GCGGCA
65,CY214743,GCGGCA
66,CY216054,GCGGCA
67,CY212471,GCGGCA
68,CY230711,GCGGCA
69,CY239741,GCGGCA
70,CY230695,GCGGCA
71,CY230703,GCGGCA
72,CY220548,GCGGCA
73,CY220556,GCGGCA
74,CY235501,GCGGCA
75,CY235493,GCGGCA
76,CY230719,GCGGCA
77,CY225347,GCGGCA
78,CY230743,GCGGCA
79,CY228810,GCGGCA
80,CY234341,GCGGCA
81,CY223170,GCGGCA
82,CY240084,GCGGCA
83,CY235637,GCGGCA
84,CY235629,GCGGCA
85,CY244955,GCGGCA
86,CY243556,GCGGCA
87,CY243604,GCGGCA
88,CY244979,GCGGCA
89,CY216614,GCGGCA
90,CY243540,GCGGCA
91,CY242219,GCGGCA
92,CY240060,GCGGCA
93,CY240068,GCGGCA
94,CY244510,GCGGCA
95,CY242307,GCGGCA
96,CY243580,GCGGCA
97,CY243620,GCGGCA
98,CY243628,GCAGCA
99,CY244995,GCAGCA
100,CY243667,GCAGCA
101,CY244630,GCGGCA
102,CY245123,GCGGCA
103,CY247019,GCGGCA
104,CY243588,GCGGCA
105,CY243636,GCGGCA
106,CY216630,GCGGCA
107,CY222050,GCGGCA
108,CY264176,GCGGCA
109,CY260854,GCGGCA
110,CY247099,GCGGCA
111,CY265082,GCGGCA
112,CY264200,GCGGCA
113,CY264184,GCGGCA
114,CY264192,GCGGCA
115,CY243524,GCGGCA
116,CY244939,GCGGCA
117,CY244963,GCGGCA
118,CY243572,GCGGCA
119,CY256234,GCGGCA
120,CY261652,GCGGCA
121,CY257618,GCGGCA
122,CY250024,GCGGCA
123,CY257626,GCGGCA
124,CY250032,GCGGCA
125,CY250624,GCGGCA
126,CY257930,GCGGCA
127,CY243652,GCGGCA
128,CY245147,GCGGCA
129,CY247083,GCGGCA
130,CY244987,GCGGCA
131,CY244526,GCGGCA
132,CY259879,GCGGCA
133,CY250616,GCGGCA
134,CY242315,GCGGCA
135,CY244518,GCGGCA
136,CY244947,GCGGCA
137,CY243548,GCGGCA
138,CY243644,GCGGCA
139,CY243516,GCGGCA
140,CY243596,GCGGCA
141,CY244971,GCGGCA
142,CY239901,GCGGCA
143,CY243612,GCGGCA
144,CY244614,GCGGCA
145,CY243675,GCGGCA
146,CY243660,GCGGCA
147,CY244622,GCGGCA
148,CY216062,GCGGCA
149,CY222570,GCGGCA
150,CY214735,GCGGCA
151,KY089809,GCGGCA
152,KY089796,GCGGCA
153,CY216622,GCGGCA
154,KT843798,GCGGCA
155,KU590129,GCGGCA
156,KU589704,GCGGCA
157,KU590681,GCGGCA
158,KU589618,GCGGCA
159,KX003963,GCGGCA
160,KU591989,GCGGCA
161,KY089565,GCGGCA
162,KY090497,GCGGCA
163,KX003500,GCGGCA
164,KU590858,GCGGCA
165,KU590657,GCGGCA
166,KX412206,GCGGCA
167,KU589971,GCGGCA
168,KU590302,GCGGCA
169,KU590012,GCGGCA
170,KX412138,GCGGCA
171,KX412184,GCGGCA
172,KU589617,GCGGCA
173,KU591834,GCGGCA
174,KU592061,GCGGCA
175,KU592077,GCGGCA
176,KU592085,GCGGCA
177,KX412281,GCGGCA
178,KU591826,GCGGCA
179,KT843646,GCGGCA
180,KU591850,GCGGCA
181,KX412106,GCGGCA
182,KU590775,GCGGCA
183,KY116948,GCGGCA
184,KU592053,GCGGCA
185,KU590539,GCGGCA
186,KU592117,GCGGCA
187,KX412995,GCGGCA
188,KX413526,GCGGCA
189,KU591281,GCGGCA
190,KU592125,GCGGCA
191,KU591587,GCGGCA
192,KX412278,GCGGCA
193,KT844180,GCGGCA
194,CY208925,GCGGCA
195,KY003425,GCGGCA
196,KY003393,GCGGCA
197,CY208917,GCGGCA
198,CY209117,GCGGCA
199,CY210429,GCGGCA
200,CY243532,GCGGCA
201,CY230687,GCGGCA
202,CY230679,GCGGCA
203,CY239733,GCGGCA
204,KY116115,GCGGCA
205,CY211511,GCGGCA
206,CY220236,GCGGCA
207,CY228083,GCGGCA
208,CY213151,GCGGCA
209,CY210437,GCGGCA
210,CY223050,GCGGCA
211,CY232417,GCGGCA
212,CY210684,GCGGCA
213,CY212791,GCGGCA
214,CY228043,GCGGCA
215,CY212783,GCGGCA
216,CY216606,GCGGCA
217,CY223042,GCGGCA
218,CY234743,GCGGCA
219,CY220244,GCGGCA
220,CY210692,GCGGCA
221,CY212479,GCGGCA
222,KT844177,GCGGCA
223,KT843629,GCGGCA
224,KT844336,GCGGCA
225,KU589979,GCGGCA
226,KU590310,GCGGCA
227,KX412098,GCGGCA
228,KT844148,GCGGCA
229,KX412146,GCGGCA
230,KU592013,GCGGCA
231,KX412192,GCGGCA
232,KU589546,GCGGCA
233,KX412214,GCGGCA
234,KX412270,GCGGCA
235,KU592005,GCGGCA
236,KU590936,GCGGCA
237,KU590523,GCGGCA
238,KX412122,GCGGCA
239,KU590122,GCGGCA
240,KU589696,GCGGCA
241,KX003979,GCGGCA
242,KT842228,GCGGCA
243,KY090443,GCGGCA
244,KT844124,GCGGCA
245,KX412314,GCGGCA
246,KX412335,GCGGCA
247,KX003903,GCGGCA
248,KU591802,GCGGCA
249,KU591810,GCGGCA
250,KU590114,GCGGCA
251,KT844172,GCGGCA
252,KU592037,GCGGCA
253,KU590547,GCGGCA
254,KX412262,GCGGCA
255,KX412246,GCGGCA
256,KX412254,GCGGCA
257,KU591997,GCGGCA
258,KU592029,GCGGCA
259,KU590793,GCGGCA
260,KU589507,GCGGCA
261,KX003640,GCGGCA
262,KX003704,GCGGCA
263,KT844140,GCGGCA
264,KU590099,GCGGCA
265,KU589680,GCGGCA
266,KU590106,GCGGCA
267,KT843773,GCGGCA
268,KT843830,GCGGCA
269,KT843838,GCGGCA
270,KU591214,GCGGCA
271,KX003592,GCGGCA
272,KX003600,GCGGCA
273,KX003608,GCGGCA
274,KU589664,GCGGCA
275,KX003505,GCGGCA
276,KX003632,GCGGCA
277,KX003684,GCGGCA
278,KX003840,GCGGCA
279,KT844236,GCGGCA
280,KX003584,GCGGCA
281,KX003616,GCGGCA
282,KX412153,GCGGCA
283,KX412160,GCGGCA
284,KU589515,GCGGCA
285,KX003994,GCGGCA
286,KX003816,GCGGCA
287,KX003864,GCGGCA
288,KU591391,GCGGCA
289,KT843781,GCGGCA
290,KY089498,GCGGCA
291,KU590665,GCGGCA
292,KX003492,GCGGCA
293,KU589425,GCGGCA
294,KU590866,GCGGCA
295,KU590873,GCGGCA
296,KU590881,GCGGCA
297,KU590889,GCGGCA
298,KX003520,GCGGCA
299,KX003528,GCGGCA
300,KT843564,GCGGCA
301,KU589620,GCGGCA
302,KT844193,GCGGCA
303,KT844075,GCGGCA
304,KX003656,GCGGCA
305,KX003744,GCGGCA
306,KX003784,GCGGCA
307,KX003752,GCGGCA
308,KU590767,GCGGCA
309,KX003648,GCGGCA
310,KX003664,GCGGCA
311,KU590783,GCGGCA
312,KU590833,GCGGCA
313,KX003697,GCGGCA
314,KX003712,GCGGCA
315,KX003720,GCGGCA
316,KX003728,GCGGCA
317,KU590939,GCGGCA
318,KX003760,GCGGCA
319,KX003768,GCGGCA
320,KX003776,GCGGCA
321,KX003792,GCGGCA
322,KX003808,GCGGCA
323,KX003832,GCGGCA
324,KT844328,GCGGCA
325,KX003856,GCGGCA
326,KT844077,GCGGCA
327,KT844156,GCGGCA
328,KY117004,GCGGCA
329,KT844164,GCGGCA
330,KU589688,GCGGCA
331,KX412168,GCGGCA
332,KU590336,GCGGCA
333,KU589703,GCGGCA
334,KX412222,GCGGCA
335,KX412230,GCGGCA
336,KX412238,GCGGCA
337,KT844344,GCGGCA
338,KU591549,GCGGCA
339,KX003987,GCGGCA
340,KU591981,GCGGCA
341,KU590759,GCGGCA
342,KU591818,GCGGCA
343,KX412305,GCGGCA
344,KU591873,GCGGCA
345,KT844353,GCGGCA
346,KU590531,GCGGCA
347,KT843789,GCGGCA
348,KT843806,GCGGCA
349,KT844074,GCGGCA
350,KT843822,GCGGCA
351,KU590649,GCGGCA
352,KU589829,GCGGCA
353,KU591205,GCGGCA
354,KU590094,GCGGCA
355,KU591222,GCGGCA
356,KX003512,GCGGCA
357,KX003536,GCGGCA
358,KX003544,GCGGCA
359,KX003552,GCGGCA
360,KX003560,GCGGCA
361,KX003568,GCGGCA
362,KX003576,GCGGCA
363,KX917857,GCGGCA
364,KX412090,GCGGCA
365,KX414909,GCGGCA
366,KU591390,GCGGCA
367,KU592069,GCGGCA
368,KU589987,GCGGCA
369,KX003880,GCGGCA
370,KU589995,GCGGCA
371,KU590326,GCGGCA
372,KU590137,GCGGCA
373,KU589712,GCGGCA
374,KT844188,GCGGCA
375,KT844196,GCGGCA
376,KT844204,GCGGCA
377,KX412114,GCGGCA
378,KX412130,GCGGCA
379,KU590318,GCGGCA
380,KX412297,GCGGCA
381,KX413518,GCGGCA
382,KU591794,GCGGCA
383,KU591842,GCGGCA
384,KU591858,GCGGCA
385,KX412321,GCGGCA
386,KU591265,GCGGCA
387,KU591273,GCGGCA
388,KU591579,GCGGCA
389,KX413454,GCGGCA
390,KU591557,GCGGCA
391,KU592021,GCGGCA
392,KY116931,GCGGCA
393,KY116956,GCGGCA
394,KU592045,GCGGCA
395,KT844132,GCGGCA
396,KX003955,GCGGCA
397,KX003624,GCGGCA
398,KX003800,GCGGCA
399,KX412659,GCGGCA
400,KX412667,GCGGCA
401,KX412675,GCGGCA
402,KX412683,GCGGCA
403,KY044101,GCGGCA
404,KX412835,GCGGCA
405,CY211519,GCGGCA
406,CY210200,GCGGCA
407,KX916777,GCGGCA
408,KX003824,GCGGCA
409,KX003848,GCGGCA
410,KX003872,GCGGCA
411,KT844212,GCGGCA
412,KT844220,GCGGCA
413,KT844228,GCGGCA
414,KX412176,GCGGCA
415,KU589561,GCGGCA
416,KX003971,GCGGCA
417,KX412289,GCGGCA
418,KX412313,GCGGCA
419,KX916785,GCGGCA
420,KY044185,GCGGCA
421,KU589672,GCGGCA
422,KX003507,GCGGCA
423,KT839653,GCGGCA
424,KT839657,GCGGCA
425,KT839787,GCGGCA
426,KT837127,GCGGCA
427,KT837652,GCGGCA
428,KT837892,GCGGCA
429,KT837121,GCGGCA
430,KT835774,GCGGCA
431,KT841997,GCGGCA
432,KT843453,GCGGCA
433,KT843410,GCGGCA
434,KT842797,GCGGCA
435,KY089611,GCGGCA
436,KT837525,GCGGCA
437,KY089629,GCGGCA
438,KY926192,GCGGCA
439,CY093260,GCGGCA
440,CY069490,GCGGCA
441,CY026042,GCGGCA
442,CY025866,GCGGCA
443,KF789964,GCGGCA
444,KF790149,GCGGCA
445,KT889092,GCGGCA
446,KC883400,GCGGCA
447,KT889086,GCGGCA
448,CY021108,GCGGCA
449,CY021084,GCGGCA
450,CY020228,GCGGCA
451,CY026418,GCGGCA
452,CY021100,GCGGCA
453,CY021948,GCGGCA
454,CY021836,GCGGCA
455,CY022953,GCAGCA
456,CY021124,GCGGCA
457,CY022945,GCGGCA
458,CY021092,GCGGCA
459,CY021116,GCGGCA
460,CY021852,GCGGCA
461,KX879570,GCGGCA
462,CY020532,GCGGCA
463,CY121124,GCGGCA
464,CY019898,GCGGCA
465,CY022092,GCGGCA
466,CY019906,GCGGCA
467,CY019922,GCGGCA
468,CY019914,GCGGCA
469,CY021844,GCGGCA
470,AY209942,GCGGCA
471,CY020524,GCGGCG
472,CY022004,GCGGCA
473,CY020412,GCGGCA
474,CY096802,GCGGCA
475,CY020396,GCGGCA
476,CY020404,GCGGCA
477,CY020420,GCGGCA
478,CY021028,GCGGCA
479,CY020556,GCGGCA
480,CY113964,GCGGCA
481,U71132,GCGGCA
482,U71133,GCGGCA
483,KJ729372,GCCGCA
484,KJ729356,GCCGCA
485,KJ729364,GCCGCA
486,KJ729348,GCCGCA
487,MG978458,GCCGCA
488,CY263244,GCCGCA
489,CY265472,GCCGCA
490,CY265488,GCCGCA
491,CY258505,GCCGCA
492,CY256514,GCCGCA
493,CY258497,GCCGCA
494,CY256506,GCCGCA
495,CY244787,GCCGCA
496,CY250441,GCCGCA
497,CY245475,GCCGCA
498,CY257466,GCCGCA
499,CY245483,GCCGCA
500,CY250433,GCCGCA
501,CY261919,GCCGCA
502,CY262062,GCCGCA
503,CY265480,GCCGCA
504,MG978450,GCCGCA
505,CY263252,GCCGCA
506,CY239630,GCCGCA
507,KU592792,GCCGCA
508,KU592853,GCCGCA
509,KU592861,GCCGCA
510,KU592807,GCCGCA
511,CY222106,GCCGCA
512,KX915985,GCCGCA
513,CY220908,GCCGCA
514,KX409704,GCCGCA
515,KX005846,GCCGCA
516,KY044684,GCCGCA
517,KX406248,GCCGCA
518,KX918633,GCCGCA
519,KX915601,GCCGCA
520,KX411296,GCCGCA
521,CY239574,GCCGCA
522,KX915993,GCCGCA
523,KX411304,GCCGCA
524,KX411856,GCCGCA
525,KY115795,GCCGCA
526,KU589367,GCCGCA
527,KX005967,GCCGCA
528,KX407664,GCCGCA
529,KY115787,GCCGCA
530,KX004696,GCCGCA
531,KU509764,GCCGCA
532,KX004183,GCCGCA
533,KX406016,GCCGCA
534,KY044961,GCCGCA
535,KX409712,GCCGCA
536,KX406968,GCCGCA
537,KC780109,GCCGCA
538,CY062698,GCCGCA
539,KC781391,GCCGCA
540,CY066942,GCCGCA
541,CY071823,GCCGCA
542,KC781898,GCCGCA
543,CY067062,GCCGCA
544,CY067038,GCCGCA
545,CY083782,GCCGCA
546,CY066974,GCCGCA
547,CY056954,GCCGCA
548,CY062706,GCCGCA
549,CY063613,GCCGCA
550,CY073732,GCCGCA
551,CY067046,GCCGCA
552,CY066966,GCCGCA
553,CY066950,GCCGCA
554,GQ200229,GCCGCA
555,KC780778,GCCGCA
556,GU136059,GCCGCA
557,CY066958,GCCGCA
558,GU480948,GCCGCA
559,GQ222050,GCCGCA
560,GQ222051,GCCGCA
561,CY066982,GCCGCA
562,CY067054,GCCGCA
563,CY083917,GCCGCA
564,KY925198,GCCGCA
565,GQ365417,GCCGCA
566,KC781165,GCCGCA
567,GU136058,GCCGCA
568,CY129917,GCCGCA
569,CY176585,GCCGCA
570,CY176593,GCCGCA
571,CY129933,GCCGCA
572,CY129925,GCCGCA
573,CY129949,GCCGCA
574,CY176577,GCCGCA
575,CY129941,GCCGCA
576,KU289793,GCCGCG
577,KU289886,GCCGCG
578,CY128515,GCTGCA
579,KX714423,GCTGCT
580,KX714463,GCTGCT
581,KY551281,GCTGCT
582,KU289769,GCTGCT
583,CY128981,GCTGCT
584,CY128997,GCTGCT
585,CY128973,GCTGCT
586,CY128539,GCTGCT
587,CY097057,GCTGCT
588,CY139557,GCTGCT
589,CY095497,GCCGCW
590,CY095505,GCCGCA
591,CY045310,GCTGCT
592,CY128877,GCTGCT
593,CY190594,GCTGCT
594,CY128885,GCTGCT
595,KY561276,GCTGCT
596,CY097166,GCTGCT
597,CY079411,GCTGCT
598,CY076172,GCTGCT
599,CY076100,GCTGCT
600,CY144578,GCTGCT
601,GU051139,GCTGCT
602,CY129317,GCTGCT
603,CY129260,GCTGCT
604,CY129301,GCTGCT
605,KX714455,GCTGCT
606,CY138647,GCTGCT
607,CY138559,GCTGCT
608,CY138575,GCTGCT
609,CY138583,GCTGCT
610,CY138591,GCTGCT
611,CY138599,GCTGCT
612,CY138615,GCTGCT
613,CY138623,GCTGCT
614,CY138631,GCTGCT
615,CY138639,GCTGCT
616,CY138671,GCTGCT
617,CY138679,GCTGCT
618,CY138824,GCTGCT
619,CY138849,GCTGCT
620,KX714471,GCTGCC
621,CY138088,GCTGCA
622,CY129228,GCTGCT
623,CY097541,GCTGCT
624,KU289785,GCTGCT
625,KU289809,GCTGCT
626,KU289817,GCTGCT
627,KU289825,GCTGCT
628,KU289833,GCTGCT
629,JX080796,GCTGCT
630,KY284390,GCTGCT
631,KU289894,GCTGCT
632,KU289857,GCTGCT
633,CY139512,GCTGCT
634,CY138096,GCTGCT
635,KC464563,------
636,KC464571,------
637,KC464579,------
638,KC492355,------
639,KC492307,------
640,KC492419,------
641,CY191034,GCTGCT
642,CY191042,GCTGCT
643,CY139198,GCTGCT
644,CY138857,GCTGCT
645,CY138865,GCTGCT
646,CY138873,GCTGCT
647,CY138881,GCTGCT
648,CY139114,GCTGCT
649,CY139246,GCCGCT
650,CY139230,GCCGCT
651,CY139238,GCCGCT
652,CY138932,GCTGCT
653,CY139147,GCTGCT
654,CY139164,GCTGCT
655,CY138655,GCTGCT
656,CY139047,GCTGCT
657,CY139090,GCTGCT
658,CY139214,GCTGCT
659,CY139074,GCTGCT
660,CY138072,GCTGCT
661,CY139139,GCTGCT
662,CY138972,GCTGCT
663,CY139002,GCTGCT
664,CY139123,GCTGCT
665,CY139155,GCTGCT
666,CY128555,GCTGCT
667,CY128547,GCTGCT
668,CY128507,GCTGCT
669,KC464587,------
670,KC492331,------
671,KC492315,------
672,CY139334,GCTGCC
673,CY128957,GCTGCC
674,CY128909,GCTGCT
675,CY128941,GCTGCT
676,CY128765,GCTGCT
677,CY128773,GCTGCT
678,CY128628,GCTGCT
679,CY128781,GCTGCT
680,CY128619,GCTGCT
681,CY129186,GCTGCT
682,CY129117,GCTGCT
683,CY129109,GCTGCT
684,CY128666,GCTGCT
685,CY129133,GCTGCT
686,CY129141,GCTGCT
687,CY129149,GCTGCT
688,CY129093,GCTGCT
689,CY129165,GCTGCT
690,CY128583,GCTGCT
691,CY128650,GCTGCT
692,CY129194,GCTGCT
693,CY128901,GCTGCT
694,CY128740,GCTGCT
695,CY128729,GCTGCT
696,CY166572,GCTGCT
697,KU289865,GCTGCT
698,KU289761,GCTGCT
699,KU289753,GCTGCT
700,KU289878,GCTGCT
701,KU289870,GCTGCT
702,CY095449,GCTGCT
703,CY045318,GCTGCT
704,CY129244,GCTGCT
705,CY129341,GCTGCT
706,CY128721,GCTGCT
707,CY129157,GCTGCT
708,CY129212,GCTGCT
709,CY128675,GCTGCT
710,CY129333,GCTGCT
711,CY128609,GCTGCT
712,CY095465,GCTGCT
713,CY139058,GCTGCT
714,CY139066,GCTGCT
715,CY138064,------
716,CY138052,GCTGCT
717,CY138913,GCTGCT
718,CY138921,GCTGCT
719,CY139222,GCTGCT
720,CY139206,GCTGCT
721,CY139188,GCTGCT
722,CY139172,GCTGCT
723,CY139098,GCTGCT
724,CY139039,GCTGCT
725,CY138948,GCTGCT
726,CY138940,GCTGCT
727,CY138889,GCTGCT
728,CY138060,GCTGCT
729,CY138956,GCTGCT
730,CY138991,GCTGCT
731,CY138897,GCTGCT
732,CY139082,GCTGCT
733,CY138905,GCTGCT
734,CY138983,GCTGCT
735,CY139180,GCTGCT
736,CY138964,GCTGCT
737,CY139131,GCTGCT
738,CY138063,GCTGCT
739,CY139521,GCTGCT
740,CY139530,GCTGCT
741,CY138080,GCTGCT
742,CY139538,GCTGCT
743,CY139439,GCTGCT
744,KC492347,------
745,CY129037,GCTGCT
746,KC492363,------
747,KC492371,------
748,CY021252,GCTGCT
749,CY129349,GCTGCT
750,CY129285,GCTGCT
751,CY095425,GCTGCT
752,CY095433,GCTGCT
753,CY095441,GCTGCT
754,KC492291,GCTGCA
755,KC492299,GCTGCT
756,CY079459,GCTGCT
757,CY129277,GCTGCT
758,CY047703,GCTGCT
759,CY129203,GCTGCT
760,CY128594,GCTGCT
761,CY129069,GCTGCT
762,CY129220,GCTGCT
763,CY129365,GCTGCT
764,CY129053,GCTGCT
765,KC492379,------
766,KC492387,------
767,CY129061,GCTGCT
768,KC492395,------
769,KC492411,------
770,KX714319,GCCGCA
771,KX714343,GCCGCA
772,KT338354,GCCGCA
773,KX714415,GCCGCA
774,KX714431,GCCGCA
775,KX714383,GCCGCA
776,KX714391,GCCGCA
777,KX714439,GCCGCA
778,CY075948,GCCGCA
779,KT338346,GCCGCA
780,CY047655,GCCGCA
781,CY128667,GCCGCA
782,CY129268,GCCGCA
783,CY129077,GCCGCA
784,CY128649,GCCGCA
785,JX080834,GCCGCA
786,JX080804,GCCGCA
787,JX080818,GCCGCA
788,JX080816,GCCGCA
789,JX080786,GCCGCA
790,KX714447,GCCGCA
791,KX714311,GCCGCA
792,KX714327,GCCGCA
793,JX080823,GCCGCA
794,JX080798,GCCGCA
795,KT338409,GCCGCA
796,MF613774,GCCGCA
797,KU289745,GCCGCA
798,CY139428,GCCGCA
799,CY139496,GCCGCA
800,CY139392,GCCGCA
801,CY139400,GCCGCA
802,CY204160,GCCGCA
803,MG599645,GCTGCA
804,CY187028,GCTGCA
805,CY186599,GCCGCA
806,KU289841,GCCGCA
807,KU289849,GCCGCA
808,CY191282,GCCGCA
809,KY463927,GCCGCA
810,KU289777,GCCGCA
811,KU289801,GCCGCA
812,CY129381,GCCGCA
813,CY138776,GCCGCA
814,CY139466,GCCGCA
815,CY139286,GCCGCA
816,CY096985,GCCGCA
817,CY128618,GCCGCA
818,CY129185,GCCGCA
819,CY128582,GCCGCA
820,CY128684,GCCGCA
821,CY128638,GCCGCA
822,CY129101,GCCGCA
823,CY129204,GCCGCA
824,CY128595,GCCGCA
825,CY190690,GCCGCA
826,CY125629,GCCGCA
827,CY129021,GCCGCA
828,CY128989,GCCGCA
829,CY129013,GCCGCA
830,CY129029,GCCGCA
831,MF613743,GCCGCA
832,MF613935,GCCGCA
833,MF046490,GCCGCA
834,MF613701,GCTGCA
835,CY129085,GCTGCA
836,CY095457,GCCGCA
837,CY128843,GCCGCA
838,CY095473,GCCGCA
839,CY128851,GCCGCA
840,CY125661,GCCGCA
841,CY128859,GCCGCA
842,CY129173,GCCGCA
843,CY125645,GCCGCA
844,CY129325,GCCGCA
845,CY129252,GCCGCA
846,CY128757,GCCGCA
847,CY128608,GCCGCA
848,CY128835,GCCGCA
849,CY125637,GCCGCA
850,GU053269,GCCGCA
851,GU053283,GCCGCA
852,JX080847,GCCGCA
853,KX714399,GCCGCA
854,KX714407,GCCGCA
855,CY128572,GCCGCA
856,CY133281,GCCGCA
857,CY166904,GCCGCA
858,CY128491,GCCGCA
859,CY128523,GCCGCA
860,CY128531,GCCGCA
861,CY128499,GCCGCA
862,KP636475,GCCGCA
863,KC492244,GCCGCA
864,KC492251,GCCGCA
865,KC492259,GCCGCA
866,KC492283,GCCGCA
867,KC492267,GCCGCA
868,KC492275,GCCGCA
869,CY139343,GCCGCA
870,CY139368,GCCGCA
871,CY139376,GCCGCA
872,CY139351,GCCGCA
873,CY138535,GCCGCA
874,CY139475,GCTGCA
875,CY139420,GCCGCA
876,CY139449,GCCGCA
877,CY139458,GCCGCA
878,CY139438,GCCGCA
879,KX714367,GCCGCA
880,JX080813,GCCGCA
881,KX714335,GCCGCA
882,JX080827,GCCGCA
883,JX080799,GCCGCA
884,KX714375,GCCGCA
885,JX080794,GCCGCA
886,JX080795,GCCGCA
